{
  "metadata": {
    "dataset_source": "NASA Li-ion Battery Aging Dataset",
    "total_samples": 1108,
    "batteries_analyzed": 11,
    "generation_date": "2026-01-05T13:00:22.941947"
  },
  "features": {
    "cycle": {
      "minimum": 1.0,
      "maximum": 168.0,
      "mean": 60.9485559566787,
      "median": 51.0,
      "standard_deviation": 44.34609783934559,
      "percentile_5": 6.0,
      "percentile_25": 26.0,
      "percentile_75": 90.0,
      "percentile_95": 150.0,
      "count": 1108,
      "description": "Charge-discharge cycle number",
      "column_used": "cycle"
    },
    "capacity": {
      "minimum": 0.6069476168507777,
      "maximum": 2.035337591005598,
      "mean": 1.4591351424927457,
      "median": 1.469465042078706,
      "standard_deviation": 0.28122927728256486,
      "percentile_5": 0.7737575463886304,
      "percentile_25": 1.318592033480978,
      "percentile_75": 1.6494639784817633,
      "percentile_95": 1.858208216098928,
      "count": 1108,
      "description": "Battery capacity in Ah",
      "column_used": "Capacity"
    },
    "voltage_measured": {
      "minimum": 3.5241525751209775,
      "maximum": 3.5241525751209775,
      "mean": 3.5241525751209783,
      "median": 3.5241525751209775,
      "standard_deviation": 8.885794937416553e-16,
      "percentile_5": 3.5241525751209775,
      "percentile_25": 3.5241525751209775,
      "percentile_75": 3.5241525751209775,
      "percentile_95": 3.5241525751209775,
      "count": 1108,
      "description": "Measured voltage in V",
      "column_used": "voltage_mean"
    },
    "temperature_measured": {
      "minimum": 4.0,
      "maximum": 24.0,
      "mean": 17.42960288808664,
      "median": 24.0,
      "standard_deviation": 9.187768715549728,
      "percentile_5": 4.0,
      "percentile_25": 4.0,
      "percentile_75": 24.0,
      "percentile_95": 24.0,
      "count": 1108,
      "description": "Temperature in \u00b0C",
      "column_used": "ambient_temperature"
    },
    "current_measured": {
      "minimum": -1.8356764894777138,
      "maximum": -1.8356764894777138,
      "mean": -1.8356764894777133,
      "median": -1.8356764894777138,
      "standard_deviation": 4.442897468708276e-16,
      "percentile_5": -1.8356764894777138,
      "percentile_25": -1.8356764894777138,
      "percentile_75": -1.8356764894777138,
      "percentile_95": -1.8356764894777138,
      "count": 1108,
      "description": "Current in A",
      "column_used": "current_mean"
    }
  },
  "dataset_context": {
    "late_life_bias": true,
    "cycle_range_dominant": "50-170 cycles",
    "capacity_range_dominant": "1.2-1.8 Ah",
    "eol_threshold": 0.8,
    "initial_capacity_nominal": 2.0,
    "note": "NASA dataset focuses on aging-phase electrochemical behavior. Early-life batteries may receive conservative predictions."
  }
}